Alias_Name,GameCount,Standardized_Name
51st Infantry (VA),1,
Abingdon (VA),1128,Abingdon (VA)
Achilles (VA),15,
Alderson Baptist Junior College (VA),1,
Aldie (VA),32,
Aldie John Champe (VA),150,Aldie John Champe (VA)
Aldie Lightridge (VA),50,
Alexandria (VA),74,
Alexandria Bishop Ireton (VA),358,Alexandria Bishop Ireton (VA)
Alexandria City (VA),52,
Alexandria Edison (VA),709,Alexandria Edison (VA)
Alexandria Episcopal (VA),328,Alexandria Episcopal (VA)
Alexandria Episcopal JV (VA),2,
Alexandria Fort Hunt (VA),232,Alexandria Fort Hunt (VA)
Alexandria Francis Hammond (VA),162,Alexandria Francis Hammond (VA)
"Alexandria Francis Hammond Opp """"Lee"""" (VA)",1,
Alexandria George Mason (VA),35,
Alexandria George Washington (VA),551,Alexandria George Washington (VA)
Alexandria George Washington JV (VA),10,
"Alexandria George Washington Opp """"DC"""" (VA)",1,
"Alexandria George Washington Opp """"St."""" (VA)",1,
Alexandria Groveton (VA),305,Alexandria Groveton (VA)
Alexandria Hayfield (VA),613,Alexandria Hayfield (VA)
Alexandria Jefferson (VA),643,Alexandria Jefferson (VA)
Alexandria Jefferson JV (VA),1,
Alexandria Mount Vernon (VA),940,Alexandria Mount Vernon (VA)
Alexandria Mount Vernon JV (VA),4,
Alexandria Parker-Gray (VA),3,
Alexandria Robert E. Lee (VA),3,
Alexandria Rose Hill (VA),2,
Alexandria Saint Stephen's & Saint Agnes (VA),30,Alexandria St.Stephen's & St. Agnes (VA)
Alexandria Saint Stephen's & St. Agnes (VA),1,Alexandria St.Stephen's & St. Agnes (VA)
Alexandria St. St. ephens (VA),16,Alexandria St.Stephen's & St. Agnes (VA)
Alexandria St. Stephen's & St. Agnes (VA),30,Alexandria St.Stephen's & St. Agnes (VA)
Alexandria St.Stephen's & St. Agnes (VA),1,Alexandria St.Stephen's & St. Agnes (VA)
Alexandria St.Stephen's& St. Agnes (VA),227,Alexandria St.Stephen's & St. Agnes (VA)
Alexandria T. C. Williams (VA),645,Alexandria T. C. Williams (VA)
Alexandria T.C. Williams (VA),74,Alexandria T. C. Williams (VA)
"Alexandria T.C. Williams Opp """"Henderson"""" (VA)",1,
"Alexandria T.C. Williams Opp """"Madison"""""""" (VA)",1,
"Alexandria T.C. Williams Opp """"Wilson"""" (VA)",1,
Alexandria Thomas Jefferson (VA),26,Alexandria Thomas Jefferson Science & Technology (VA)
Alexandria Thomas Jefferson Science & Technology (VA),15,Alexandria Thomas Jefferson Science & Technology (VA)
Alexandria West Potomac (VA),470,Alexandria West Potomac (VA)
Allendale Rams (VA),1,
Altavista Combined School (VA),934,Altavista Combined School (VA)
Altavista Combined School JV (VA),2,
Amelia Court House Amelia County (VA),750,Amelia Court House Amelia County (VA)
AmeliaCourt House (VA),2,Amelia Court House Amelia County (VA)
Amherst County (VA),802,Amherst County (VA)
Amherst County JV (VA),2,
Anawalt (VA),2,
Andrew Lewis (VA),2,
Annandale (VA),888,Annandale (VA)
Annandale JV (VA),1,
"Annandale Opp """"Madison"""" (VA)",2,
Appalachia (VA),945,Appalachia (VA)
Appalachia JV (VA),1,
Appalachia Union [Appalachia-Powell Valley] (VA),8,
Appomattox Carver-Price (VA),1,
Appomattox County (VA),939,Appomattox County (VA)
Appomattox County JV (VA),4,
Apprentice 150 (VA),1,Apprentice 150 lb (VA)
Apprentice 150 lb (VA),1,Apprentice 150 lb (VA)
Apprentice College JV (VA),1,
Apprentice School (VA),8,
Apprentice School JV (VA),8,
Arlington (VA),2,
Arlington Bishop Oconnell (VA),19,Arlington Bishop O'Connell (VA)
Arlington Bishop O'Connell (VA),383,Arlington Bishop O'Connell (VA)
Arlington Wakefield (VA),781,Arlington Wakefield (VA)
Arlington Wakefield JV (VA),2,
Arlington Washington & Lee (VA),20,Arlington Washington & Lee (VA)
Arlington Washington Liberty (VA),21,Arlington Washington-Liberty (VA)
"Arlington Washington-Lee """"B"""" (VA)",1,Arlington Washington-Lee B (VA)
Arlington Washington-Lee (VA),7,Arlington Washington & Lee (VA)
Arlington Washington-Lee B (VA),1,
Arlington Washington-Lee JV (VA),11,
"Arlington Washington-Lee Opp """"St. Johns"""" (VA)",1,
Arlington Washington-Liberty (VA),1022,Arlington Washington-Liberty (VA)
Arlington Washinton-Lee (VA),14,Arlington Washington & Lee (VA)
Arlington Yorktown (VA),732,Arlington Yorktown (VA)
"Arlington Yorktown Opp """"St. Anthony's"""" (VA)",1,
Ashbur Stone Bridge (VA),3,Ashburn Stone Bridge (VA)
Ashburn Briar Woods (VA),230,Ashburn Briar Woods (VA)
Ashburn Broad Run (VA),640,Ashburn Broad Run (VA)
"Ashburn Broad Run Opp """"Central"""" (VA)",1,
"Ashburn Broad Run Opp """"Stonewall Jackson"""" (VA)",1,
Ashburn Independence (VA),64,
Ashburn Riverside (VA),59,
Ashburn Rock Ridge (VA),89,
Ashburn Stone Bridge (VA),340,Ashburn Stone Bridge (VA)
Ashburn Virginia Academy (VA),23,
Ashland (VA),20,
Ashland Henry Clay (VA),111,Ashland Henry Clay (VA)
Ashland Henry JV (VA),2,
Ashland Patrick Henry (VA),916,Ashland Patrick Henry (VA)
"Ashland Randolph Macon College """"B"""" (VA)",1,
Ashland Randolph Macon College (VA),1,
Atlanta Tech Opp Wilson (VA),2,
Augusta Military (VA),1,Augusta Military (VA)
Augusta Military Tigers (VA),3,Augusta Military (VA)
Austinville Jackson Memorial (VA),2,
Baskerville Mecklenburg County (VA),40,
Bassett (VA),877,Bassett (VA)
Bassett JV (VA),3,
Bealeto Cedar Lee (VA),43,
Bealeton Liberty (VA),347,Bealeton Liberty (VA)
Beaufort Reformitory (VA),1,
Beaumont Industrial (VA),3,Beaumont Industrial School (VA)
Beaumont Industrial School (VA),19,Beaumont Industrial School (VA)
Beaumont Paul S. Blandford (VA),26,
Beaumont Virginia Industrial School for Boys (VA),8,
Beaverdam (VA),5,
Bedford (VA),143,Bedford (VA)
Bedford JV (VA),1,
Bedford Liberty (VA),996,Bedford Liberty (VA)
Bedford Liberty JV (VA),1,
Bedford Susie G. Gibson (VA),2,
Belmont Athletic Club (VA),2,
Belmont Athletic Club JV (VA),1,
Berkeley (VA),1,
"Berkeley Springs Opp """"Heritage"""" (VA)",1,
Berryville Clark County (VA),6,Berryville Clarke County (VA)
Berryville Clarke County (VA),895,Berryville Clarke County (VA)
Big Stone Gap (VA),373,Big Stone Gap (VA)
Big Stone Gap Powell Valley (VA),577,Big Stone Gap Powell Valley (VA)
Big Stone Gap Union (VA),13,
BishopOConnell (VA),1,Arlington Bishop O'Connell (VA)
Blacksburg (VA),1082,Blacksburg (VA)
Blackstone (VA),499,Blackstone (VA)
Blackstone Kenston Forest (VA),226,Blackstone Kenston Forest (VA)
Blackstone Military Academy (VA),2,Blackstone Military Academy (VA)
Blackstone Military Academy JV (VA),12,
"Blackstone Opp """"?"""" (VA)",1,
BlackstoneMilitaryAcademy (VA),31,Blackstone Military Academy (VA)
Bland-Rocky Gap (VA),326,Bland-Rocky Gap (VA)
Bloxom (VA),5,
Bluefield (VA),1,
Bluefield College (VA),1,
Bluefield College JV (VA),3,
Bluefield Graham (VA),1075,Bluefield Graham (VA)
Bluefield Graham G (VA),27,
Bluefield Graham JV (VA),1,
Boonsboro (VA),1,
Bowling Green (VA),73,
Boyce Agricultural (VA),9,
Boykins (VA),11,
Boy's Home of Richmond (VA),1,
Bridgewater College (VA),2,
Bridgewater College JV (VA),3,
Bridgewater Turner Ashby (VA),722,Bridgewater Turner Ashby (VA)
Bristol (VA),7,
Bristol Battle (VA),687,Bristol Battle (VA)
Bristol John S. Battle (VA),253,Bristol John S. Battle (VA)
Bristol Virginia (VA),1148,Bristol Virginia (VA)
Bristol Virginia High (VA),1,Bristol Virginia (VA)
Bristol Virginia JV (VA),3,
Broadway (VA),739,Broadway (VA)
Brownsburg (VA),2,
Buchanan (VA),57,
Buchanan James River (VA),695,Buchanan James River (VA)
"Buchanan James River Opp """"Valley"""" (VA)",6,
Buchanan Mission (VA),13,
Buckingham (VA),704,Buckingham (VA)
Buckingham Marshall District (VA),2,
Buena Vista (VA),4,
Buena Vista McCluer (VA),1035,Buena Vista McCluer (VA)
"Buena Vista McCluer Opp """"Valley"""" (VA)",10,
Buena Vista Parry McCluer (VA),11,Buena Vista McCluer (VA)
Buena Vista Parry McClure (VA),1,Buena Vista McCluer (VA)
Burke Lake Braddock (VA),605,Burke Lake Braddock (VA)
"Burke Lake Braddock Opp """"Lee"""" (VA)",3,
Burkeville (VA),12,
Business High (VA),1,
Cape Charles (VA),332,Cape Charles (VA)
Capron (VA),1,
Caroline County (VA),1,
Caroline County Sparta (VA),2,
Castlewood (VA),737,Castlewood (VA)
Castlewood JV (VA),1,
Central Eastern Shore (VA),1,
Central Woodstock (VA),15,
Chamberlain University (VA),4,
Chantilly (VA),579,Chantilly (VA)
Chantilly Paul VI (VA),18,Chantilly St. Paul VI (VA)
Chantilly Paul VICatholic (VA),2,Chantilly St. Paul VI (VA)
Chantilly Saint Paul VI (VA),14,Chantilly St. Paul VI (VA)
Chantilly St. Paul (VA),18,Chantilly St. Paul VI (VA)
Chantilly St. Paul VI (VA),5,Chantilly St. Paul VI (VA)
Chantilly Westfield (VA),321,Chantilly Westfield (VA)
Charles City (VA),531,Charles City (VA)
Charlotte Court House Randolph-Henry (VA),806,Charlotte Court House Randolph-Henry (VA)
Charlottesville (VA),544,Charlottesville (VA)
Charlottesville Albemarle (VA),799,Charlottesville Albemarle (VA)
"Charlottesville Albemarle Opp """"George Washington"""" (VA)",1,
"Charlottesville Albemarle Opp """"Stonewall Jackson"""" (VA)",1,
Charlottesville Boys School (VA),2,
Charlottesville Covenant (VA),182,Charlottesville Covenant (VA)
Charlottesville Fives (VA),2,
Charlottesville Lane (VA),857,Charlottesville Lane (VA)
Charlottesville Lane JV (VA),12,
Charlottesville Miller School of Albemarle (VA),154,Charlottesville Miller School of Albemarle (VA)
Charlottesville Monticello (VA),318,Charlottesville Monticello (VA)
Charlottesville Rock Hill Academy (VA),27,
Charlottesville Saint Anne's-Belfield (VA),26,Charlottesville St. Anne's-Belfield (VA)
Charlottesville School for Boys (VA),3,
Charlottesville St. Annes (VA),16,Charlottesville St. Anne's-Belfield (VA)
Charlottesville St. Anne's-Belfield (VA),2,Charlottesville St. Anne's-Belfield (VA)
Charlottesville St.Anne's-Belfield (VA),176,Charlottesville St.Anne's-Belfield (VA)
Charlottesville The Covenant (VA),30,
Chase City (VA),96,
Chatham (VA),678,Chatham (VA)
Chatham Hall (VA),3,
Chatham Hargrave Military Academy (VA),323,Chatham Hargrave Military Academy (VA)
Chatham Hargrave Military Academy JV (VA),38,
Chatham Hargrave Military Academy Reserves (VA),1,
Chatham Training School (VA),18,
Cheriton (VA),3,
Chesapeake Atlantic Shores Christian (VA),242,Chesapeake Atlantic Shores Christian (VA)
Chesapeake Carver (VA),1,
Chesapeake Crestwood (VA),16,
Chesapeake Deep Creek (VA),936,Chesapeake Deep Creek (VA)
"Chesapeake Deep Creek Opp """"St. Paul's"""" (VA)",4,
"Chesapeake Deep Creek Opp """"Wilson"""" (VA)",1,
Chesapeake Deer Creek (VA),1,Chesapeake Deep Creek (VA)
Chesapeake George Washington Carver (VA),182,Chesapeake George Washington Carver (VA)
Chesapeake Grassfield (VA),198,Chesapeake Grassfield (VA)
Chesapeake Great Bridge (VA),851,Chesapeake Great Bridge (VA)
"Chesapeake Great Bridge Opp """"St. Paul's"""" (VA)",3,
"Chesapeake Great Bridge Opp """"Wilson"""" (VA)",1,
Chesapeake Great Bridge-Hickory (VA),5,
Chesapeake Greenbrier Christian (VA),2,Chesapeake Greenbrier Christian Academy (VA)
Chesapeake Greenbrier Christian Academy (VA),220,Chesapeake Greenbrier Christian Academy (VA)
Chesapeake Hampton Roads Generals (VA),13,
Chesapeake Hickory (VA),295,Chesapeake Hickory (VA)
Chesapeake Indian River (VA),633,Chesapeake Indian River (VA)
Chesapeake Oscar Smith (VA),1128,Chesapeake Oscar Smith (VA)
Chesapeake Oscar Smith JV (VA),1,
"Chesapeake Oscar Smith Opp """"St. Marys"""" (VA)",1,
Chesapeake Portlock (VA),107,Chesapeake Portlock (VA)
Chesapeake South Norfolk (VA),44,
Chesapeake Western Branch (VA),633,Chesapeake Western Branch (VA)
Chester Agricultural School (VA),7,
Chester Carver (VA),1,
Chester Carver College and Career Academy (VA),6,
Chester Central Virginia Renegades (VA),3,
Chester Dale (VA),1056,Chester Dale (VA)
Chester Life Christian (VA),17,Chester Life Christian Academy (VA)
Chester Life Christian Academy (VA),40,Chester Life Christian Academy (VA)
Chester Thomas Dale (VA),116,Chester Thomas Dale (VA)
Chesterfield Bird (VA),550,Chesterfield Bird (VA)
Chesterfield James River (VA),111,Chesterfield James River (VA)
Chesterfield Lc Bird (VA),22,Chesterfield Bird (VA)
Chesterfield Matoaca (VA),669,Chesterfield Matoaca (VA)
Chesterfield Richmond Christian (VA),62,
Chilhowee (VA),1,
Chilhowie (VA),1058,Chilhowie (VA)
Chilhowie Institute (VA),1,
Chimbarazo Athletic Club (VA),1,
Chincoteague (VA),321,Chincoteague (VA)
Chowan College JV (VA),2,
Christchurch (VA),84,
Christchurch JV (VA),2,
Christchurch School (VA),191,Christchurch School (VA)
Christiansburg (VA),1069,Christiansburg (VA)
Christiansburg JV (VA),1,
Church Road Midway (VA),2,
Clarendon (VA),1,
Clarksville (VA),66,
Clarksville West End (VA),1,
Clear Brook Stonewall Jackson (VA),8,Clearbrook Stonewall Jackson (VA)
Clearbrook Stonewall Jackson (VA),5,Clearbrook Stonewall Jackson (VA)
Clifton (VA),1,
Clifton Centreville (VA),417,Clifton Centreville (VA)
Clifton Forge (VA),620,Clifton Forge (VA)
Clifton Forge Commercial (VA),1,
Clifton Forge JV (VA),19,
"Clifton Forge Opp """"Valley"""" (VA)",16,
Clinchport Rye Cove (VA),694,Clinchport Rye Cove (VA)
Clintwood (VA),860,Clintwood (VA)
Clintwood Dickenson County (VA),1,
Clintwood Ridgeview (VA),116,Clintwood Ridgeview (VA)
Cluster Springs (VA),1,
Coal CreekCentral (VA),3,
Coeburn (VA),888,Coeburn (VA)
Coeburn Eastside (VA),10,
Coeburn Eastside [Coeburn-Saint Paul] (VA),154,Coeburn Eastside [Coeburn-Saint Paul] (VA)
College of William & Mary 2nds (VA),1,
College of William & Mary Fresh (VA),3,
Collinsville (VA),1,
Colonial Beach (VA),328,Colonial Beach (VA)
Colonial Beach (VA) (MI),1,Colonial Beach (VA)
Colonial Heights (VA),10,Colonial Heights (VA)
Colonial Heights JV (VA),2,
ColonialHeights (VA),680,Colonial Heights (VA)
Council (VA),40,
Council Buchanan Mission (VA),2,
Council-Whitewood (VA),1,
Courtland Riverview (VA),1,
Courtland Southampton (VA),790,Courtland Southampton (VA)
Courtland Southampton Academy (VA),218,Courtland Southampton Academy (VA)
Covington (VA),1070,Covington (VA)
Covington Alleghany (VA),648,Covington Alleghany (VA)
"Covington Alleghany Opp """"Valley"""" (VA)",3,
Covington Boys Home (VA),1,
Covington Dunlap (VA),16,
Covington JV (VA),36,
"Covington Opp """"Valley"""" (VA)",6,
Crewe (VA),458,Crewe (VA)
Crewe JV (VA),1,
Cross Junction Timber Ridge (VA),15,
Crozet Western Albemarle (VA),573,Crozet Western Albemarle (VA)
Culpeper County (VA),1079,Culpeper County (VA)
Culpeper County JV (VA),2,
Culpeper Eastern View (VA),197,Culpeper Eastern View (VA)
Cumberland (VA),608,Cumberland (VA)
Cypress Chapel (VA),1,
Daleville Academy (VA),1,
Daleville Lord Botetourt (VA),733,Daleville Lord Botetourt (VA)
Daleville Lord Botetourt JV (VA),1,
"Daleville Lord Botetourt Opp """"Valley"""" (VA)",6,
Damascus (VA),152,Damascus (VA)
Damascus Holston (VA),883,Damascus Holston (VA)
Dante Central (VA),16,
Danville (VA),28,
Danville Boys (VA),3,Danville School for Boys (VA)
Danville Boys JV (VA),3,
Danville Boys School (VA),1,Danville School for Boys (VA)
Danville Brosville (VA),89,
Danville Brosville JV (VA),1,
Danville George Washington (VA),1220,Danville George Washington (VA)
Danville George Washington JV (VA),2,
"Danville George Washington Opp """"Episcopal Christian"""" (VA)",1,
Danville Langston (VA),2,
Danville Military Institute (VA),15,
Danville Military Institute JV (VA),9,
Danville School for Boys (VA),7,Danville School for Boys (VA)
Danville Schoolfield (VA),168,Danville Schoolfield (VA)
Danville Schoolfield JV (VA),2,
Danville town team (VA),1,
Danville Virginia Presbyterian (VA),3,
Danville Washington (VA),15,
DC Hyde (VA),2,
DC Sidwell Friends (VA),1,Washington Sidwell Friends (DC)
Dendron Surry County (VA),569,Dendron Surry County (VA)
Devitt Prep (VA),1,
Dinwiddie (VA),664,Dinwiddie (VA)
Dinwiddie County (VA),5,Dinwiddie (VA)
Dinwiddie Southside (VA),4,
Douglas (VA),2,
Driver (VA),4,
Dry Fork Tunstall (VA),634,Dry Fork Tunstall (VA)
Dublin (VA),457,Dublin (VA)
Dublin Institute (VA),1,
"Dublin Opp """"? Athletic Club"""" (VA)",1,
Dublin Pulaski County (VA),827,Dublin Pulaski County (VA)
Dumfries Pope John Paul the Great (VA),55,Dumfries St. John Paul the Great Catholic (VA)
Dumfries Potomac (VA),492,Dumfries Potomac (VA)
"Dumfries Potomac Opp """"Stonewall Jackson"""" (VA)",1,
"Dumfries Potomac Opp """"Stonewall"""" (VA)",3,
Dumfries Saint John (VA),19,
Dumfries Saint John Paul the Great Catholic (VA),135,Dumfries St. John Paul the Great Catholic (VA)
Dumfries St. John Paul the Great Catholic (VA),146,
Dyke Blue Ridge (VA),2,
Dyke Blue Ridge School (VA),2,
Eagle Rock (VA),14,
East College (VA),2,
East Stone Gap (VA),304,East Stone Gap (VA)
East Tennessee State Normal College (VA),1,
East Tennessee State University Fresh (VA),1,
Eastside [Coeburn-Saint Paul] (VA),27,
Eastville Northampton (VA),783,Eastville Northampton (VA)
Edgemead (VA),1,
Edinburg (VA),2,
Eggleston (VA),4,
Elizabeth City Northeastern (VA),1,
Elizabethton Lift Academy (VA),12,
Elkton (VA),289,Elkton (VA)
Elkton East Rockingham (VA),175,Elkton East Rockingham (VA)
Elliston Eastern Montgomery (VA),577,Elliston Eastern Montgomery (VA)
"Elliston Eastern Montgomery Opp """"Valley"""" (VA)",1,
"Emory & Henry College """"B"""" (VA)",2,
Emory & Henry College (VA),1,
Emory & Henry College Fresh (VA),3,Emory & Henry College Frosh (VA)
Emory & Henry College Frosh (VA),2,Emory & Henry College Frosh (VA)
Emory & Henry College JV (VA),47,
Emory & Henry Freshmen (VA),2,Emory & Henry College Frosh (VA)
Emporia (VA),122,Emporia (VA)
Emporia Greensville County (VA),908,Emporia Greensville County (VA)
Emporia JV (VA),1,
Emporia Wyatt (VA),1,
Ewing Lee Industrial (VA),1,
Ewing Thomas Walker (VA),462,Ewing Thomas Walker (VA)
Ewing Walker (VA),19,Ewing Thomas Walker (VA)
Exmore Broadwater Academy (VA),223,Exmore Broadwater Academy (VA)
F.M. (VA),1,
F.N.H.S. (VA),3,
Fairfax (VA),929,Fairfax (VA)
Fairfax Bethlehem Baptist Christ (VA),6,
Fairfax HomeSchool (VA),84,
Fairfax JV (VA),4,
"Fairfax Opp """"Jefferson"""" (VA)",1,
Fairfax Paul IV (VA),36,Fairfax Paul VI (VA)
Fairfax Paul VI (VA),208,Fairfax Paul VI (VA)
Fairfax Robinson (VA),633,Fairfax Robinson (VA)
"Fairfax Robinson Opp """"Madison"""" (VA)",1,
Fairfax Woodson (VA),726,Fairfax Woodson (VA)
Fairfax Woodson JV (VA),1,
"Fairfax Woodson Opp """"Madison"""" (VA)",1,
Fairfield Rockbridge (VA),320,Fairfield Rockbridge (VA)
"Fairfield Rockbridge Opp """"Valley"""" (VA)",6,
Falls Church (VA),914,Falls Church (VA)
Falls Church Congressional (VA),3,Falls Church Congressional (VA)
Falls Church Congressional School (VA),2,Falls Church Congressional (VA)
Falls Church George C (VA),18,Falls Church George C. Marshall (VA)
Falls Church George C. Marshall (VA),210,Falls Church George C. Marshall (VA)
Falls Church Justice (VA),538,Falls Church Justice (VA)
Falls Church JV (VA),1,
Falls Church Longfellow (VA),1,
Falls Church Marshall (VA),562,Falls Church Marshall (VA)
Falls Church Marshall JV (VA),1,
Falls Church Mason (VA),726,Falls Church Mason (VA)
Falls Church Meridian (VA),56,
Falls Church Stuart (VA),639,Falls Church Stuart (VA)
Falmouth (VA),40,
Falmouth Stafford (VA),816,Falmouth Stafford (VA)
Falmouth Stafford JV (VA),2,
Farmville (VA),376,Farmville (VA)
Farmville All-Stars (VA),1,
Farmville Fuqua (VA),219,Farmville Fuqua (VA)
Farmville Prince Edward Academy (VA),67,
Farmville Prince Edward County (VA),566,Farmville Prince Edward County (VA)
Farmville Worsham (VA),4,
Ferrum Training School (VA),1,
Fieldale (VA),1,
Fieldale-Collinsville (VA),402,Fieldale-Collinsville (VA)
Fincastle (VA),4,
Fishersville Wilson Memorial (VA),813,Fishersville Wilson Memorial (VA)
Florida All-Stars (VA),1,
Floyd County (VA),696,Floyd County (VA)
Forest New London Academy (VA),8,
Forestville (VA),1,
"Fork Union Military Academy """"B"""" (VA)",1,
Fork Union Military Academy (VA),325,
Fork Union Military Academy JV (VA),20,
Fork UnionMilitary Academy (VA),316,Fork Union Military Academy (VA)
Fort Defiance (VA),680,Fort Defiance (VA)
Fort Defiance Augusta Military Academy (VA),47,Fort Defiance Augusta Military Academy (VA)
Fort Defiance Augusta Military Academy JV (VA),52,
Fort Eustis (VA),3,
Fort Union Military Academy (VA),2,
Franklin (VA ),0,Franklin (VA)
Franklin (VA),1019,
Franklin Band (VA),2,
Franklin Hayden (VA),3,
Franklin JV (VA),1,
Franktown (VA),8,Franktown (VA)
Franktown ? (VA),1,Franktown (VA)
Frederick Military Academy (VA),1,
Fredericksburg (VA),132,Fredericksburg (VA)
Fredericksburg All Stars (VA),1,
Fredericksburg Chancellor (VA),400,Fredericksburg Chancellor (VA)
Fredericksburg Christian (VA),159,Fredericksburg Christian (VA)
Fredericksburg College (VA),2,
Fredericksburg College JV (VA),1,
Fredericksburg Independents (VA),1,
Fredericksburg James Monroe (VA),1139,Fredericksburg James Monroe (VA)
Fredericksburg James Monroe (VA) Opp The Collegians (VA),2,
"Fredericksburg James Monroe Opp """"?"""" (VA)",3,
"Fredericksburg James Monroe Opp """"Archbishop Carroll"""" (VA)",1,
Fredericksburg JV (VA),2,
Fredericksburg Monroe (VA),23,
Fredericksburg Monroe JV (VA),16,
Fredericksburg Riverbend (VA),225,Fredericksburg Riverbend (VA)
Fredericksburg Saint Michael the Archangel (VA),29,Fredericksburg St. Michael the Archangel (VA)
Fredericksburg St. Michael (VA),27,Fredericksburg St. Michael the Archangel (VA)
Fredericksburg St. Michael the Archangel (VA),26,Fredericksburg St. Michael the Archangel (VA)
Fredericksburg Wildcats (VA),2,
Fries (VA),457,Fries (VA)
Fries JV (VA),2,
Front Royal Mosby Academy (VA),39,Front Royal Mosby Academy (VA)
Front Royal Moseby Academy (VA),1,Front Royal Mosby Academy (VA)
Front Royal Randolph Macon Academy (VA),8,Front Royal Randolph-Macon Academy (VA)
Front Royal Randolph-Macon (VA),32,Front Royal Randolph-Macon Academy (VA)
Front Royal Randolph-Macon Academy (VA),340,Front Royal Randolph-Macon Academy (VA)
Front Royal Randolph-Macon Academy JV (VA),8,Front Royal Randolph-Macon Academy JV (VA)
Front Royal Randolph-MaconAcademy JV (VA),22,Front Royal Randolph-Macon Academy JV (VA)
Front Royal Skyline (VA),205,Front Royal Skyline (VA)
Front Royal St. John's Saints (VA),30,
Front Royal Warren County (VA),914,Front Royal Warren County (VA)
Ft. Defiance Augusta Military Academy (VA),18,Fort Defiance Augusta Military Academy (VA)
Ft. Defiance Augusta Military Academy JV (VA),2,Fort Defiance Augusta Military Academy JV (VA)
Gainesville (VA),39,
Galax (VA),1070,Galax (VA)
Galax JV (VA),3,
Galax Maroon (VA),17,
Gallaudet University (VA),20,
Garden (VA),45,
Garden City (VA),1,
Garner (VA),2,
Gate City (VA),1051,Gate City (VA)
George Mason University (VA),14,
Ghent Athletic Association (VA),1,
Glade Spring (VA),213,Glade Spring (VA)
Glade Spring Patrick Henry (VA),696,Glade Spring Patrick Henry (VA)
Gladys (VA),1,
Glen Allen (VA),235,Glen Allen (VA)
Glen Allen Deep Run (VA),243,Glen Allen Deep Run (VA)
Glen Allen JV (VA),2,
Gloucester (VA),738,Gloucester (VA)
Gloucester Hampton Roads Generals (VA),79,
Goochland (VA),809,Goochland (VA)
Greenbrier Captains (VA),1,
Greenbrier Colonels (VA),2,
Greenbrier Military Captains (VA),2,
Greenbrier Military Colonels (VA),1,
Greenfield (VA),18,
Greenlee (VA),1,
Gretna (VA),762,Gretna (VA)
Gretna JV (VA),1,
Grundy (VA),993,Grundy (VA)
Grundy JV (VA),5,
Grundy Presbyterian (VA),6,
H.A.A. (VA),1,
Halifax Buthune (VA),1,
Halifax County Volens (VA),1,
Hall Memorial (VA),1,
Hampden Sydney College (VA),1,Hampden-Sydney College (VA)
Hampden Sydney College JV (VA),4,Hampden-Sydney College JV (VA)
Hampden-Sidney Frosh (VA),1,Hampden-Sydney College Frosh (VA)
Hampden-Sydney (VA),1,Hampden-Sydney College (VA)
"Hampden-Sydney College """"B"""" (VA)",2,Hampden-Sydney College B (VA)
Hampden-Sydney College (VA),2,
Hampden-Sydney College B (VA),3,
Hampden-Sydney College Fresh (VA),3,Hampden-Sydney College Frosh (VA)
Hampden-Sydney College Frosh (VA),8,
Hampden-Sydney College JV (VA),11,
Hampden-Sydney JV (VA),5,Hampden-Sydney College JV (VA)
"Hampden-SydneyCollege """"B"""" (VA)",1,Hampden-Sydney College B (VA)
Hampden-SydneyCollege Fresh (VA),3,Hampden-Sydney College Frosh (VA)
Hampden-SydneyCollege Frosh (VA),1,Hampden-Sydney College Frosh (VA)
Hampden-SydneyCollege JV (VA),2,Hampden-Sydney College JV (VA)
Hampton (VA),1365,Hampton (VA)
Hampton Bethel (VA),631,Hampton Bethel (VA)
Hampton Christian (VA),79,
Hampton George Wythe Junior High (VA),3,
Hampton JV (VA),8,
Hampton Kecoughtan (VA),679,Hampton Kecoughtan (VA)
Hampton Memorial Christian (VA),3,
"Hampton Opp """"Wilson"""" (VA)",1,
Hampton Pembroke (VA),113,Hampton Pembroke (VA)
Hampton Phenix (VA),1,
Hampton Phoebus (VA),619,Hampton Phoebus (VA)
"Hampton Phoebus Opp """"Wilson"""" (VA)",1,
Hampton Sydney Reserves (VA),2,
Hampton Y. M. H. A. (VA),1,
Hampton-Sidney Reserves (VA),9,
Hampton-Sydney College JV (VA),1,
Hampton-Sydney JV (VA),24,
Harbor Park Catholic (VA),2,
Harris Military Institute (VA),5,
Harrisonburg (VA),1021,Harrisonburg (VA)
Harrisonburg JV (VA),2,
"Harrisonburg Opp """"R. E. Lee"""" (VA)",1,
Harrisonburg Rocktown (VA),20,
Haymarket Battlefield (VA),236,Haymarket Battlefield (VA)
Haymarket Battlefield JV (VA),1,
Hays (VA),1,
Haysi (VA),652,Haysi (VA)
Heathsville Northumberland (VA),678,Heathsville Northumberland (VA)
Henrico County Mills E. Godwin (VA),2,
Henrico J.R. Tucker (VA),10,Henrico J.R. Tucker (VA)
Henrico Jr Tucker (VA),18,Henrico J.R. Tucker (VA)
Henrico Tucker (VA),187,Henrico J.R. Tucker (VA)
Herndon (VA),819,Herndon (VA)
Herndon JV (VA),1,
Highland Springs (VA),1013,Highland Springs (VA)
"Highland Springs Opp """"?"""" (VA)",1,
Highlanders (VA),1,
Hillsville (VA),267,Hillsville (VA)
Hillsville Carroll County (VA),854,Hillsville Carroll County (VA)
Hillsville Carroll County JV (VA),1,
Hiltons Hilton (VA),1,
Holland (VA),45,
Honaker (VA),800,Honaker (VA)
Hopewell (VA),1065,Hopewell (VA)
Hopewell JV (VA),6,
"Hopewell Opp """"Central Catholic"""" (VA)",1,
Hot Springs (VA),4,
Hot Springs Ashwood (VA),2,
Hot Springs Bath County (VA),926,Hot Springs Bath County (VA)
Hot Springs Valley (VA),9,
Hurley (VA),736,Hurley (VA)
Independence (VA),368,Independence (VA)
Independence Grayson County (VA),429,Independence Grayson County (VA)
Isle of Wight Academy (VA),187,Isle of Wight Academy (VA)
Isle Of Wight Isle Of Academy (VA),15,Isle of Wight Academy (VA)
Ivanhoe (VA),1,
Jacksboro (VA),1,
James River Midlothian (VA),23,
Jefferson Forest (VA),588,Jefferson Forest (VA)
Jefferson School (VA),3,
Jefferson School for Boys (VA),2,
Jefferson-Huguenot-Wythe (VA),1,
JFK (VA),35,
JM (VA),1,
Jonesville (VA),385,Jonesville (VA)
Jonesville Lee (VA),426,Jonesville Lee (VA)
Kenbridge (VA),176,Kenbridge (VA)
Kenmper Street Ramblers (VA),1,
King & Queen Central (VA),536,King & Queen Central (VA)
King & Queen Court House Central (VA),2,King & Queen Central (VA)
King And Queen Court House King And (VA),11,King & Queen Central (VA)
King College JV (VA),3,
King George (VA),742,King George (VA)
King William (VA),733,King William (VA)
Knapp (VA),1,
L.B.I. (VA),3,
Ladysmith (VA),67,
Lancaster (VA),690,Lancaster (VA)
Langley Field (VA),2,
Las Vegas Valley (VA),3,
Lawrenceville Brunswick (VA),925,Lawrenceville Brunswick (VA)
Lawrenceville Brunswick Academy (VA),364,Lawrenceville Brunswick Academy (VA)
Lawrenceville Brunswick Academy JV (VA),2,
"Lawrenceville Brunswick Opp """"?"""" (VA)",1,
Lebanon (VA),869,Lebanon (VA)
Lebanon JV (VA),1,
Lee Baptist Institute (VA),7,
Lee County-Jonesville (VA),7,
Leesburg Heritage (VA),235,Leesburg Heritage (VA)
Leesburg Loudoun County (VA),9,Leesburg Loudoun County (VA)
Leesburg LoudounCounty (VA),835,Leesburg Loudoun County (VA)
Leesburg Riverside (VA),37,
Leesburg Tuscarora (VA),193,Leesburg Tuscarora (VA)
Lee-Springfield (VA),706,Lee-Springfield (VA)
Lee-Springfield JV (VA),1,
Lewisburg Greenbrier Military (VA),3,
Lexington (VA),632,Lexington (VA)
Lexington JV (VA),2,
"Lexington Opp """"Valley"""" (VA)",8,
Lexington Rockbridge County (VA),526,Lexington Rockbridge County (VA)
Lexington Sheets Memorial (VA),1,
Lincoln (VA),72,
Little Creek Coast Guard (VA),1,
Lorton South County (VA),251,Lorton South County (VA)
Lovingston Nelson County (VA),725,Lovingston Nelson County (VA)
Lovingston Nelson County JV (VA),1,
Low Moor Central (VA),179,Low Moor Central (VA)
"Low Moor Central Opp """"Valley"""" (VA)",24,
Luray (VA),931,Luray (VA)
Luray JV (VA),1,
Lynchburg (VA),8,
Lynchburg Boys Club (VA),2,
Lynchburg Brookville (VA),902,Lynchburg Brookville (VA)
Lynchburg Brookville JV (VA),3,
Lynchburg Christian Academy (VA),51,
Lynchburg Dunbar (VA),8,
Lynchburg Fort Hill (VA),1,
Lynchburg Glass (VA),1249,Lynchburg Glass (VA)
Lynchburg Glass JV (VA),69,
"Lynchburg Glass Opp """"Stonewall Jackson"""" (VA)",2,
Lynchburg Heritage (VA),608,Lynchburg Heritage (VA)
Lynchburg Holy Cross Regional Catholic (VA),22,Lynchburg Holy Cross Regional Catholic (VA)
Lynchburg Holy CrossRegional Catholic (VA),1,Lynchburg Holy Cross Regional Catholic (VA)
Lynchburg Liberty Christian (VA),247,Lynchburg Liberty Christian (VA)
Lynchburg Presbyterian (VA),9,
Lynchburg Presbyterian Orphan Home (VA),3,
Lynchburg Presbyterian Orphans Home (VA),9,
Lynchburg Virginia Episcopal (VA),31,Lynchburg Virginia Episcopal School (VA)
Lynchburg Virginia Episcopal JV (VA),6,Lynchburg Virginia Episcopal School JV (VA)
Lynchburg Virginia Episcopal School (VA),306,Lynchburg Virginia Episcopal School (VA)
Lynchburg Virginia Episcopal School JV (VA),12,Lynchburg Virginia Episcopal School JV (VA)
Lynchburg Virginia Espicopal School (VA),2,Lynchburg Virginia Episcopal School (VA)
M.C.U. (VA),2,
M.I.I. (VA),1,
Madison (VA),48,
Madison County (VA),859,Madison County (VA)
Madison Heights (VA),1,
Madison JV (VA),1,
Manassas Charles J (VA),17,Manassas Charles J. Colgan (VA)
Manassas Charles J. Colgan (VA),65,Manassas Charles J. Colgan (VA)
Manassas Northern Virginia (VA),14,Manassas Northern Virginia HomeSchool (VA)
Manassas Northern Virginia HomeSchool (VA),37,Manassas Northern Virginia HomeSchool (VA)
Manassas Northern Virginia Kings (VA),67,Manassas Northern Virginia HomeSchool (VA)
Manassas Osbourn (VA),953,Manassas Osbourn (VA)
Manassas Osbourn Park (VA),856,Manassas Osbourn Park (VA)
Manassas Osbourne (VA),7,
Manassas Park (VA),514,Manassas Park (VA)
Manassas Regional (VA),1,
Manassas State Voc (VA),1,Manassas State Voc (VA)
Manassas State Vocational (VA),4,Manassas State Voc (VA)
Manassas Stonewall Jackson (VA),620,Manassas Stonewall Jackson (VA)
Manassas Swavely Prep (VA),10,
Manassas Unity Reed (VA),55,
Manassas Voc (VA),2,
Marion (VA),1056,Marion (VA)
Marion JV (VA),12,
Marion Scarlet (VA),17,Marion (VA)
Marshall (VA),4,
Martinsville (VA),1081,Martinsville (VA)
Martinsville Carlisle (VA),39,
Martinsville JV (VA),7,
Martinsville Laurel Park (VA),350,Martinsville Laurel Park (VA)
Massanutten (VA),7,
Massies Mill Fleetwood (VA),2,
Mathews (VA),735,Mathews (VA)
Mathews Lee-Jackson (VA),1,
Max Meadows Fort Chiswell (VA),745,Max Meadows Fort Chiswell (VA)
McGuires (VA),8,
McGuire's Prep School (VA),6,McGuire's Prep School (VA)
McGuire's University School (VA),1,McGuire's Prep School (VA)
McLean (VA),761,McLean (VA)
McLean Langley (VA),642,McLean Langley (VA)
McLean Potomac School (VA),216,McLean Potomac School (VA)
Meadowview (VA),179,Meadowview (VA)
Mechanicsville (VA),37,
Mechanicsville Atlee (VA),390,Mechanicsville Atlee (VA)
Mechanicsville Battlefield Park (VA),35,
Mechanicsville Hanover (VA),264,Mechanicsville Hanover (VA)
Mechanicsville Lee-Davis (VA),773,Mechanicsville Lee-Davis (VA)
Mechanicsville Mustangs (VA),20,
Mechanicsville Washington-Henry (VA),54,
Melrose Athletic Club (VA),3,
Middleburg The Hill School (VA),1,
Middletown (VA),11,
Midlothian (VA),719,Midlothian (VA)
Midlothian Clover Hill (VA),13,Midlothian Clover Hill (VA)
Midlothian CloverHill (VA),566,Midlothian Clover Hill (VA)
Midlothian Cosby (VA),208,Midlothian Cosby (VA)
Midlothian James River (VA),342,Midlothian James River (VA)
Midlothian James River Midlothian Rapids (VA),7,
Midlothian Manchester (VA),847,Midlothian Manchester (VA)
"Midlothian Manchester Opp """"Ashland"""" (VA)",1,
"Midlothian Manchester Opp """"Carolina"""" (VA)",1,
Milford Caroline (VA),773,Milford Caroline (VA)
"Milford Caroline Opp """"?"""" (VA)",1,
Millboro (VA),3,
Mineral Louisa County (VA),856,Mineral Louisa County (VA)
Moneta (VA),28,
Moneta Smith Mountain (VA),13,Moneta Smith Mountain Lake Christian Academy (VA)
Moneta Smith Mountain Lake Christian Academy (VA),17,Moneta Smith Mountain Lake Christian Academy (VA)
Moneta Staunton River (VA),642,Moneta Staunton River (VA)
Montross Armstead T. Johnson (VA),1,
Montross Washington & Lee (VA),763,Montross Washington & Lee (VA)
Montross Washington & Lee JV (VA),11,
Montross Westmoreland (VA),33,
Morrison (VA),133,Morrison (VA)
Morrison Warwick County (VA),3,
Moseley Grange Hall (VA),21,
Mount Jackson (VA),8,
Mount Jackson Stonewall Jackson (VA),1,Mount Jackson Stonewall Jackson (VA)
Mt. Jackson Stonewall Jackson (VA),1,Mount Jackson Stonewall Jackson (VA)
MW (VA),1,
Nansemond-Suffolk (VA),17,Nansemond-Suffolk Academy (VA)
Nansemond-Suffolk Academy (VA),237,Nansemond-Suffolk Academy (VA)
Narrows (VA),997,Narrows (VA)
Naruna Campbell (VA),687,Naruna Campbell (VA)
Natural Bridge Boys Camp (VA),4,Natural Bridge Boys Camp (VA)
Natural Bridge Camp (VA),24,Natural Bridge Boys Camp (VA)
Natural Bridge Station (VA),502,Natural Bridge Station (VA)
"Natural BridgeStation Opp """"Valley"""" (VA)",9,
Naval Hospital (VA),2,
Navy Apprentice School (VA),1,Newport News Apprentices (VA)
Navy Hospital (VA),1,
Navy Yard Apprentices (VA),1,Newport News Apprentices (VA)
New Castle (VA),132,New Castle (VA)
New Castle Craig County (VA),552,New Castle Craig County (VA)
New Kent (VA),733,New Kent (VA)
New Market (VA),10,
New Market Shenandoah Valley Academy (VA),30,
New Market Shenandoah Valley Academy JV (VA),6,
Newport News (VA),666,Newport News (VA)
Newport News Academy (VA),1,
Newport News Apprentice (VA),1,Newport News Apprentices (VA)
Newport News Apprentices (VA),8,Newport News Apprentices (VA)
Newport News Apprentices JV (VA),1,
Newport News Carver (VA),24,
Newport News Denbigh (VA),629,Newport News Denbigh (VA)
Newport News Hampton Roads (VA),1,
Newport News Hampton Roads Academy (VA),194,Newport News Hampton Roads Academy (VA)
Newport News Heritage (VA),313,Newport News Heritage (VA)
Newport News Homer L. Ferguson (VA),367,Newport News Homer L. Ferguson (VA)
Newport News Homer L. Ferguson JV (VA),1,
Newport News Huntington (VA),17,
Newport News JV (VA),19,
Newport News Menchville (VA),571,Newport News Menchville (VA)
Newport News St. Vincent's (VA),3,
Newport News Warwick (VA),1030,Newport News Warwick (VA)
Newport News Warwick JV (VA),2,
Newport News Woodside (VA),321,Newport News Woodside (VA)
Nickelsville Twin Springs (VA),607,Nickelsville Twin Springs (VA)
Nickelsville Twin Springs JV (VA),1,
Nokesville Brentsville District (VA),659,Nokesville Brentsville District (VA)
Nokesville Kettle Run (VA),213,Nokesville Kettle Run (VA)
Nokesville Patriot (VA),152,Nokesville Patriot (VA)
Nora Ervinton (VA),568,Nora Ervinton (VA)
Norfolk (VA),7,
Norfolk Academy (VA),283,Norfolk Academy (VA)
Norfolk Benedictine (VA),1,
Norfolk Booker T (VA),20,
Norfolk Broad Creek Village (VA),20,
Norfolk Catholic (VA),163,
Norfolk Christian (VA),168,Norfolk Christian (VA)
Norfolk Collegians (VA),1,
Norfolk Douglas MacArthur Academy (VA),1,Norfolk Douglas MacArthur Academy (VA)
Norfolk DouglasMacArthur Academy (VA),1,Norfolk Douglas MacArthur Academy (VA)
Norfolk Electrical School (VA),1,
"Norfolk Granby """"B"""" (VA)",1,
Norfolk Granby (VA),917,Norfolk Granby (VA)
Norfolk Granby JV (VA),3,
"Norfolk Granby Opp """"Wilson"""" (VA)",2,
Norfolk Holy Trinity (VA),51,
Norfolk James Barry-Robinson (VA),33,
Norfolk Lake Taylor (VA),669,Norfolk Lake Taylor (VA)
Norfolk Little Creek (VA),1,
"Norfolk Maury """"B"""" (VA)",1,
Norfolk Maury (VA),1236,Norfolk Maury (VA)
Norfolk Maury Alumni (VA),2,
Norfolk Maury JV (VA),11,
"Norfolk Maury Opp """"Wilson"""" (VA)",2,
Norfolk Muary (VA),1,Norfolk Maury (VA)
Norfolk Naval Electrical School (VA),1,
"Norfolk Norview """"B"""" (VA)",1,
Norfolk Norview (VA),977,Norfolk Norview (VA)
Norfolk Norview JV (VA),1,
"Norfolk Norview Opp """"Wilson"""" (VA)",4,
Norfolk Portlock (VA),2,
Norfolk Saint Mary Academy (VA),2,Norfolk St. Mary Academy (VA)
Norfolk South (VA),1,
Norfolk St. Mary Academy (VA),2,Norfolk St. Mary Academy (VA)
Norfolk Washington (VA),568,Norfolk Washington (VA)
NorfolkCatholic (VA),161,Norfolk Catholic (VA)
North Danville All-Stars (VA),1,
North Stafford (VA),496,North Stafford (VA)
Norton (VA),242,Norton (VA)
Norton Burton (VA),1036,Norton Burton (VA)
Norton Central (VA),52,
Norton Central [Kelly-Pound] (VA),34,
Norton Central Wise (VA),10,
Norton Ji Burton (VA),20,
Norton JV (VA),1,
Nottoway (VA),616,Nottoway (VA)
"Nottoway Opp """"Central"""" (VA)",1,
Oak Hall Arcadia (VA),472,Oak Hall Arcadia (VA)
Oak Hall Atlantic (VA),42,
Oakton Flint Hill (VA),224,Oakton Flint Hill (VA)
Oakton Flint Hill School (VA),1,Oakton Flint Hill (VA)
Oakwood Garden (VA),536,Oakwood Garden (VA)
Oakwood Garden JV (VA),2,
Oakwood Triangular Mountain Institute (VA),3,
Occoquan (VA),28,
Oceana (VA),3,
Old Point Comfort College (VA),53,
Old Point Comfort College JV (VA),1,
Onancock (VA),89,
Onley Nandua (VA),427,Onley Nandua (VA)
Orange County (VA),859,Orange County (VA)
PA Chambersburg (VA),2,Chambersburg (PA)
Painter Central (VA),79,
Palmyra Fluvanna County (VA),917,Palmyra Fluvanna County (VA)
Park View Athletic Association (VA),1,
Park View-Sterling (VA),531,Park View-Sterling (VA)
Parksley (VA),35,
Patrick Henry Ashland (VA),10,Patrick Henry-Ashland (VA)
Patrick Henry-Ashland (VA),395,Patrick Henry-Ashland (VA)
Patrick Henry-Glade Spring (VA),257,Patrick Henry-Glade Spring (VA)
Pearisburg (VA),281,Pearisburg (VA)
Pearisburg Giles (VA),881,Pearisburg Giles (VA)
Pembroke (VA),214,Pembroke (VA)
Pembroke C. C. Camp (VA),1,
Penn Laird Montevideo (VA),260,Penn Laird Montevideo (VA)
Penn Laird Spotswood (VA),499,Penn Laird Spotswood (VA)
Pennington Gap (VA),10,Pennington Gap Pennington (VA)
Pennington Gap Pennington (VA),573,Pennington Gap Pennington (VA)
Pennsylvania School for the Deaf (VA),6,
Petersburg (VA),1169,Petersburg (VA)
Petersburg JV (VA),10,
"Petersburg Opp """"Unknown High"""" (VA)",1,
Petersburg Peabody (VA),10,
Pilgrims Knob Twin Valley (VA),243,Pilgrims Knob Twin Valley (VA)
Pocahontas (VA),663,Pocahontas (VA)
Poolesville (VA),1,
Poplar Branch (VA),1,
Poquoson (VA),932,Poquoson (VA)
Portsmouth (VA),16,
Portsmouth Alexander Park (VA),20,
Portsmouth Alliance Christian Academy (VA),9,
Portsmouth Christian (VA),168,Portsmouth Christian (VA)
"Portsmouth Churchland """"B"""" (VA)",1,
Portsmouth Churchland (VA),966,Portsmouth Churchland (VA)
Portsmouth Cradock (VA),641,Portsmouth Cradock (VA)
Portsmouth Cradock JV (VA),1,
"Portsmouth Cradock Opp """"St. Mary's"""" (VA)",2,
"Portsmouth Cradock Opp """"Unknown"""" (VA)",1,
Portsmouth Frederick Military Academy (VA),31,
Portsmouth Manor (VA),265,Portsmouth Manor (VA)
Portsmouth Norcom (VA),599,Portsmouth Norcom (VA)
Portsmouth Port Norfolk (VA),6,
Portsmouth St. Paul's (VA),5,
"Portsmouth Wilson """"B"""" (VA)",1,
Portsmouth Wilson (VA),1149,Portsmouth Wilson (VA)
Portsmouth Wilson Alumni (VA),1,
Portsmouth WilsonJV (VA),19,
Pound (VA),609,Pound (VA)
Powell Valley (VA),1,
Powhatan (VA),836,Powhatan (VA)
Powhatan Blessed Sacrament (VA),19,
Powhatan Blessed Sacrament-Huguenot (VA),205,Powhatan Blessed Sacrament-Huguenot (VA)
Powhatan Huguenot Academy (VA),9,
"Powhatan Opp """"Central"""" (VA)",2,
Powhatan St. Emma Military Academy (VA),2,
Presbyterian Home (VA),2,
Prince George (VA),730,Prince George (VA)
Priority Prep (VA),1,
Prospect (VA),1,
Pulaski (VA),509,Pulaski (VA)
Pulaski All Town Team (VA),2,Pulaski All Town Team (VA)
Pulaski Chair Company (VA),1,
Pulaski JV (VA),1,
Pulaski Town Team (VA),1,Pulaski All Town Team (VA)
Purcellville Loudoun Valley (VA),666,Purcellville Loudoun Valley (VA)
Purcellville Woodgrove (VA),170,Purcellville Woodgrove (VA)
Quantico (VA),271,Quantico (VA)
Quicksburg Mountain View (VA),9,
Quicksburg St. onewall Jackson (VA),18,Quicksburg Stonewall Jackson (VA)
Quicksburg Stonewall Jackson (VA),12,Quicksburg Stonewall Jackson (VA)
Radford (VA),1178,Radford (VA)
Randolph-Macon Academy JV (VA),10,Randolph-Macon College JV (VA)
"Randolph-Macon College """"B"""" (VA)",1,Randolph-Macon College B (VA)
Randolph-Macon College (VA),2,Randolph-Macon College (VA)
Randolph-Macon College B (VA),1,
Randolph-Macon College Fresh (VA),1,Randolph-Macon College Frosh (VA)
Randolph-Macon College Frosh (VA),15,
Randolph-Macon College JV (VA),10,
Randolph-Macon Fresh (VA),11,Randolph-Macon College Frosh (VA)
Randolph-Mason Fresh (VA),3,Randolph-Macon College Frosh (VA)
Reston South Lakes (VA),524,Reston South Lakes (VA)
Rich Valley (VA),5,
Richland (VA),1,
Richlands (VA),1069,Richlands (VA)
Richlands JV (VA),3,
Richmond Academy (VA),13,
Richmond Academy Alumni (VA),1,
Richmond Armstrong (Kennedy) (VA),13,Richmond Armstrong-Kennedy (VA)
Richmond Armstrong (VA),347,Richmond Armstrong (VA)
Richmond Armstrong Kennedy (VA),20,Richmond Armstrong-Kennedy (VA)
Richmond Armstrong-Kennedy (VA),237,Richmond Armstrong-Kennedy (VA)
Richmond Barton Heights (VA),2,
Richmond Beacon Hill HomeSchool (VA),11,
Richmond Benedictine (VA),649,Richmond Benedictine (VA)
Richmond Benedictine JV (VA),3,
Richmond Boys Home of Virginia (VA),1,
Richmond Byrd (VA),1,
Richmond Cathedral Central (VA),1,
Richmond Central Virginia (VA),12,Richmond Central Virginia Disciples HomeSchool (VA)
Richmond Central Virginia Disciples (VA),33,Richmond Central Virginia Disciples HomeSchool (VA)
Richmond Central Virginia Disciples HomeSchool (VA),138,Richmond Central Virginia Disciples HomeSchool (VA)
Richmond Chandler Junior High (VA),1,
Richmond City (VA),20,
Richmond Collegiate (VA),258,Richmond Collegiate (VA)
"Richmond Collegiate Opp """"EHS"""" (VA)",1,
Richmond Freeman (VA),765,Richmond Freeman (VA)
Richmond Gill (VA),2,
Richmond Gill Country Day (VA),4,
Richmond Godwin (VA),496,Richmond Godwin (VA)
Richmond Henrico (VA),690,Richmond Henrico (VA)
Richmond Hermitage (VA),929,Richmond Hermitage (VA)
Richmond Highland Park (VA),1,
Richmond Huguenot (VA),620,Richmond Huguenot (VA)
Richmond J. R. Tucker (VA),3,Richmond J. R. Tucker (VA)
Richmond Jefferson (VA),25,
Richmond Jefferson Juniors (VA),1,Richmond Jefferson JV (VA)
Richmond Jefferson JV (VA),1,Richmond Jefferson JV (VA)
"Richmond Jefferson Opp """"Jay EM"""" (VA)",1,
Richmond Jefferson-Huguenot-Wythe (VA),73,
Richmond John F. Kennedy (VA),253,Richmond John F. Kennedy (VA)
"Richmond John F. Kennedy Opp """"Central"""" (VA)",1,
Richmond John Marshall (VA),9,
Richmond John Marshall JV (VA),21,
Richmond Kennedy (VA),224,Richmond Kennedy (VA)
Richmond Maggie L. Walker (VA),115,Richmond Maggie L. Walker (VA)
Richmond Marshall (VA),1050,Richmond Marshall (VA)
Richmond Marshall-Walker (VA),78,
Richmond Masonic Home of Virginia (VA),28,
Richmond McGuire (VA),3,Richmond McGuire's University School (VA)
Richmond McGuires (VA),4,Richmond McGuire's University School (VA)
Richmond McGuire's University School (VA),52,Richmond McGuire's University School (VA)
Richmond Meadowbrook (VA),659,Richmond Meadowbrook (VA)
Richmond Monacan (VA),502,Richmond Monacan (VA)
Richmond Optimists (VA),1,
Richmond O'Reilly Club (VA),1,
Richmond R.J. Tucker (VA),1,Richmond J. R. Tucker (VA)
Richmond Saint Christopher's (VA),35,Richmond St. Christopher's (VA)
Richmond St. Christophers (VA),19,Richmond St. Christopher's (VA)
Richmond St. Christopher's (VA),299,Richmond St. Christopher's (VA)
Richmond St. Christopher's JV (VA),10,
Richmond Steward (VA),2,
Richmond Thomas Jefferson (VA),905,Richmond Thomas Jefferson (VA)
Richmond Thomas Jefferson JV (VA),16,
Richmond Thomas Jefferson Science & Technology (VA),15,
Richmond Trinity Christian (VA),11,Richmond Trinity Episcopal (VA)
Richmond Trinity Episcopal (VA),12,Richmond Trinity Episcopal (VA)
Richmond TrinityEpiscopal (VA),203,Richmond Trinity Episcopal (VA)
Richmond Tucker (VA),450,Richmond J. R. Tucker (VA)
Richmond United Negro College Fund (VA),1,
Richmond Varina (VA),1005,Richmond Varina (VA)
Richmond Varina JV (VA),1,
"Richmond Varina Opp """"Beaumont"""" (VA)",1,
Richmond Victory Christian Academy (VA),39,
Richmond Walker (VA),1,
Richmond Westhampton (VA),35,
Richmond Wythe (VA),602,Richmond Wythe (VA)
Ridgeway Drewry Mason (VA),339,Ridgeway Drewry Mason (VA)
Ridgeway Magna Vista (VA),433,Ridgeway Magna Vista (VA)
Riner Auburn (VA),511,Riner Auburn (VA)
Ringgold Dan River (VA),648,Ringgold Dan River (VA)
Riverside Baptist (VA),1,
RM BRAN? (VA),1,
Roanoke 17th Street AC (VA),1,
Roanoke AC (VA),1,
Roanoke Addison (VA),33,
Roanoke All Stars (VA),1,
Roanoke Athletic Association (VA),1,
Roanoke Athletic Club (VA),3,
Roanoke Battery F (VA),1,
Roanoke Bellevue (VA),1,
Roanoke Catholic (VA),706,Roanoke Catholic (VA)
Roanoke Catholic JV (VA),1,
"Roanoke Catholic Opp """"Valley"""" (VA)",11,
Roanoke Cave Spring (VA),731,Roanoke Cave Spring (VA)
Roanoke Cave Spring JV (VA),1,
"Roanoke Cave Spring Opp """"Valley"""" (VA)",1,
Roanoke Cave Springs (VA),37,Roanoke Cave Spring (VA)
"Roanoke Cave Springs Opp """"Terriers"""" (VA)",1,
Roanoke College (VA),3,
Roanoke College Fresh (VA),3,
Roanoke College JV (VA),12,
Roanoke Elmwood AC (VA),1,
Roanoke Faith Christian (VA),3,
Roanoke Fleming (VA),953,Roanoke Fleming (VA)
Roanoke Fleming JV (VA),17,
Roanoke Henry (VA),646,Roanoke Henry (VA)
Roanoke Hidden Valley (VA),253,Roanoke Hidden Valley (VA)
Roanoke Jackson Junior High (VA),1,
Roanoke Jefferson (VA),703,Roanoke Jefferson (VA)
Roanoke Jefferson Athletic Club (VA),8,
Roanoke Jefferson JV (VA),60,
"Roanoke Jefferson Opp """"John F. Kennedy"""" (VA)",1,
Roanoke JV (VA),1,
Roanoke Lucy Addison (VA),1,
Roanoke Military Academy (VA),1,
Roanoke Nazereth Catholic (VA),1,
Roanoke North Cross (VA),324,Roanoke North Cross (VA)
Roanoke Northside (VA),705,Roanoke Northside (VA)
Roanoke Northside JV (VA),1,
"Roanoke Northside Opp """"Valley"""" (VA)",1,
Roanoke Patrick Henry (VA),73,
"Roanoke Patrick Henry Opp """"Stonewall Jackson"""" (VA)",2,
Roanoke Southwest Athletic Club (VA),1,
Roanoke Virginia Heights (VA),1,
Roanoke Virginia Spartans (VA),31,
Rock Castle St. Emma Military Academy (VA),3,
Rockheads (VA),1,
Rocky Gap Bland County (VA),8,
Rocky Mount Franklin County (VA),788,Rocky Mount Franklin County (VA)
Rocky Mount Franklin County JV (VA),2,
Rocky Mount HomeSchool (VA),3,
Rocky Mount Virginia Spartans (VA),4,
Roosevelt (VA),1,
Rose Hill (VA),5,
Rural Retreat (VA),927,Rural Retreat (VA)
Rustburg (VA),689,Rustburg (VA)
S. O. Fisher Flyers (VA),4,
Saint Charles (VA),294,
Saint George Blue Ridge (VA),240,
Salem (VA),704,Salem (VA)
Salem Andrew Lewis (VA),559,Salem Andrew Lewis (VA)
Salem Andrew Lewis JV (VA),8,
Salem Glenvar (VA),596,Salem Glenvar (VA)
Salem Lewis (VA),13,Salem Andrew Lewis (VA)
Saltville (VA),515,Saltville (VA)
Saltville Northwood (VA),427,Saltville Northwood (VA)
Saltville R.B. Worthy (VA),587,Saltville R.B. Worthy (VA)
Saltville Rich Valley (VA),565,Saltville Rich Valley (VA)
Saltville Worthy (VA),50,Saltville R.B. Worthy (VA)
Saluda Middlesex (VA),718,Saluda Middlesex (VA)
Schuyler (VA),6,
Scot NK (VA),1,
Scottsburg (VA),4,
Shacklefords York Academy (VA),5,
Shanghai Pleasant Hill (VA),75,
Shawsville (VA),301,Shawsville (VA)
Shawsville Alleghany District (VA),4,
Shenandoah (VA),127,Shenandoah (VA)
Shenandoah Collegiate (VA),7,Shenandoah Collegiate (VA)
Shenandoah Collegiate Institute (VA),1,Shenandoah Collegiate (VA)
Shenandoah JV (VA),2,
Shenandoah Page (VA),39,Shenandoah Page County (VA)
Shenandoah Page County (VA),662,Shenandoah Page County (VA)
ShenandoahUniversity (VA),7,
Shoemaker (VA),2,
Skipwith Bluestone (VA),661,Skipwith Bluestone (VA)
Smithfield (VA),818,Smithfield (VA)
Smithfield James River Christian Academy (VA),2,
"Smithfield Opp """"St. Paul's"""" (VA)",1,
Smithfield Westside (VA),6,
South Boston C. H. Friend (VA),130,South Boston C. H. Friend (VA)
South Boston Cluster Springs (VA),10,
South Boston Company F (VA),1,
South Boston Halifax County (VA),794,South Boston Halifax County (VA)
South Boston Halifax County JV (VA),2,
South Hill (VA),70,
South Hill East End (VA),1,
South Hill Park View (VA),899,South Hill Park View (VA)
"South Hill Park View Opp""""?"""" (VA)",1,
South Norfolk (VA),231,South Norfolk (VA)
South Norfolk All-Stars (VA),1,
South Norfolk JV (VA),2,
South Riding Freedom (VA),189,South Riding Freedom (VA)
South Roanoke Junior League (VA),1,
South Roanoke JV (VA),1,
Speedwell (VA),6,
Speedwell C.C.C. (VA),1,
Spotsylvania (VA),790,Spotsylvania (VA)
Spotsylvania Courtland (VA),672,Spotsylvania Courtland (VA)
Spotsylvania JV (VA),1,
Spotsylvania Massaponax (VA),316,Spotsylvania Massaponax (VA)
Springfield Lee (VA),19,
"Springfield Lee""""B"""" (VA)",1,
Springfield Lewis (VA),57,
Springfield St. James Performance Academy (VA),1,Springfield The St. James Performance Academy Strivers (VA)
Springfield The St. James Performance Academy Strivers (VA),0,Springfield The St. James Performance Academy Strivers (VA)
Springfield Word of Life Academy (VA),29,
St. Charles (VA),294,Saint Charles (VA)
St. Christopher (VA),2,
St. George Blue Ridge (VA),190,Saint George Blue Ridge (VA)
St. Paul (VA),844,St. Paul (VA)
St. Paul IV (VA),1,
St. Vincent's College JV (VA),1,
Stafford Brooke Point (VA),351,Stafford Brooke Point (VA)
Stafford Colonial Forge (VA),300,Stafford Colonial Forge (VA)
Stafford Mountain View (VA),244,Stafford Mountain View (VA)
Stanardsville Monroe (VA),592,Stanardsville Monroe (VA)
Stanley (VA),8,
Staunton (VA),72,
Staunton Advancing Christ Through Sports (VA),4,
Staunton Beverley Manor (VA),1,
Staunton Grace Christian (VA),33,
Staunton Lee (VA),1013,Staunton Lee (VA)
Staunton Lee JV (VA),3,
"Staunton Lee Opp """"Valley"""" (VA)",9,
Staunton Military (VA),3,
Staunton Military Academy (VA),68,
Staunton Military Academy JV (VA),75,
Staunton Riverheads (VA),728,Staunton Riverheads (VA)
"Staunton Riverheads Opp """"Valley"""" (VA)",5,
Staunton Robert E. Lee (VA),33,
Staunton Robert E. Lee Junior High (VA),1,
Stephens City (VA),17,
Stephens City Sherando (VA),381,Stephens City Sherando (VA)
Sterling Calvary Temple (VA),2,
Sterling Dominion (VA),225,Sterling Dominion (VA)
Sterling Potomac Falls (VA),296,Sterling Potomac Falls (VA)
Sterling Virginia Lions (VA),50,
Stonewall Jackson (VA),31,
Stonewall Jackson-Quicksburg (VA),638,Stonewall Jackson-Quicksburg (VA)
Strasburg (VA),923,Strasburg (VA)
Strasburg Alumni (VA),3,
Strasburg JV (VA),1,
"Stuart """"B"""" (VA)",1,
Stuart (VA),54,
Stuart Draft (VA),4,Stuarts Draft (VA)
Stuart Patrick County (VA),583,Stuart Patrick County (VA)
Stuarts Draft (VA),616,Stuarts Draft (VA)
Suffolk (VA),799,Suffolk (VA)
Suffolk Alumni (VA),1,
Suffolk B. T. Washington (VA),1,
Suffolk Christian (VA),1,
Suffolk Chuckatuck (VA),65,
Suffolk Forest Glen (VA),251,Suffolk Forest Glen (VA)
Suffolk John F. Kenney (VA),1,Suffolk Kennedy (VA)
Suffolk John Yeates (VA),263,Suffolk John Yeates (VA)
Suffolk JV (VA),7,
Suffolk Kennedy (VA),206,Suffolk Kennedy (VA)
Suffolk King's Fork (VA),238,Suffolk King's Fork (VA)
Suffolk Lakeland (VA),370,Suffolk Lakeland (VA)
Suffolk Nansemond River (VA),388,Suffolk Nansemond River (VA)
Suffolk Whaleyville (VA),39,
Sussex (VA),2,
Sussex Central (VA),648,Sussex Central (VA)
Swanson Junior High (VA),2,
Swoope Buffalo Gap (VA),726,Swoope Buffalo Gap (VA)
"Swoope Buffalo Gap Opp """"Valley"""" (VA)",6,
Swoope Craigsville (VA),20,
Tappahannock (VA),170,Tappahannock (VA)
Tappahannock Essex (VA),628,Tappahannock Essex (VA)
Tazewell (VA),1054,Tazewell (VA)
Tazewell County Burkes Garden (VA),5,
Tazewell JV (VA),1,
Thomas Dale JV (VA),2,
Toms Brook (VA),2,
Triangle Mountain Institute (VA),3,Triangular Mountain Institute (VA)
Triangular Mountain Institute (VA),3,Triangular Mountain Institute (VA)
Troutville (VA),24,
Troutville Roanoke HomeSchool (VA),5,
Twin Springs (VA) (TN),1,
UL (VA),1,
Union [Appalachia-Powell Valley] (VA),169,Union [Appalachia-Powell Valley] (VA)
University of Richmond Fresh (VA),12,
University of Richmond Frosh (VA),2,
University of Richmond JV (VA),3,
University of Virginia - 160 lbs (VA),1,
University of Virginia 150 (VA),1,
University of Virginia 3rd Team (VA),1,
University of Virginia Fresh (VA),1,
University of Virginia JV (VA),1,
University of Virginia under 150 (VA),1,
Upper Marlboro Edgemead (VA),3,
Upper Marlboro Edgemeade (VA),2,
Valley (VA),40,
Victor Cullen Academy (VA),1,
Victoria (VA),256,Victoria (VA)
Victoria JV (VA),1,
Victoria Lunenburg Central (VA),1004,Victoria Lunenburg Central (VA)
Vienna Fairfax Christian (VA),3,
Vienna Madison (VA),802,Vienna Madison (VA)
Vienna Oakton (VA),661,Vienna Oakton (VA)
Vienna Our Lady of Good Counsel (VA),1,
Vinton Byrd (VA),1027,Vinton Byrd (VA)
Vinton Byrd JV (VA),13,
"Vinton Byrd Opp """"Valley"""" (VA)",4,
Virginia Beach (VA),150,Virginia Beach (VA)
Virginia Beach Bayside (VA),665,Virginia Beach Bayside (VA)
Virginia Beach Bishop Sullivan Catholic (VA),193,Virginia Beach Bishop Sullivan Catholic (VA)
Virginia Beach Cape Henry Collegiate (VA),10,
Virginia Beach Catholic (VA),49,
Virginia Beach Cox (VA),656,Virginia Beach Cox (VA)
Virginia Beach Creeds (VA),8,
Virginia Beach First Colonial (VA),627,Virginia Beach First Colonial (VA)
Virginia Beach Green Run (VA),501,Virginia Beach Green Run (VA)
Virginia Beach Kellam (VA),662,Virginia Beach Kellam (VA)
Virginia Beach Kempsville (VA),735,Virginia Beach Kempsville (VA)
Virginia Beach Landstown (VA),269,Virginia Beach Landstown (VA)
Virginia Beach Ocean Lakes (VA),350,Virginia Beach Ocean Lakes (VA)
Virginia Beach Oceana (VA),292,Virginia Beach Oceana (VA)
"Virginia Beach Oceana Opp """"Central"""" (VA)",1,
Virginia Beach Princess Anne (VA),733,Virginia Beach Princess Anne (VA)
Virginia Beach Princess Anne JV (VA),1,
Virginia Beach Salem (VA),399,Virginia Beach Salem (VA)
Virginia Beach Tallwood (VA),352,Virginia Beach Tallwood (VA)
Virginia Beach TEACH (VA),9,
Virginia Beach Union Kempsville (VA),1,
Virginia Heights A.C. (VA),1,
Virginia Industrial (VA),6,
Virginia Industrial School (VA),1,
Virginia Masonic (VA),4,
Virginia Military Institute Army Service Trainees (VA),1,
Virginia Military Institute Frosh (VA),5,
Virginia Military Institute JV (VA),9,
Virginia Military School JV (VA),1,
Virginia Polytechnic Institute & State University Fresh (VA),1,
Virginia Presbyterian (VA),3,
Virginia School for the Deaf & Blind (VA),594,Virginia School for the Deaf & Blind (VA)
Virginia School for the Deaf & Blind Alumni (VA),1,
"Virginia School for the Deaf & Blind Opp """"Valley"""" (VA)",9,
Virginia School for the Deaf (VA),50,Virginia School for the Deaf & Blind (VA)
"Virginia Tech University """"B"""" (VA)",1,
Virginia Tech University Fresh (VA),1,Virginia Tech University Frosh (VA)
Virginia Tech University Frosh (VA),1,Virginia Tech University Frosh (VA)
Virginia Tech University JV (VA),9,
Wake Forest North Wake Saints (VA),4,
Wakefield Tidewater Academy (VA),61,
Warren County Foundation (VA),1,
"Warrenton """"Unknown B"""" (VA)",3,
Warrenton (VA),310,Warrenton (VA)
Warrenton Fauquier (VA),699,Warrenton Fauquier (VA)
Warrenton Fauquier County (VA),2,
"Warrenton Fauquier Opp """"St. John's"""" (VA)",1,
Warsaw Rappahannock (VA),638,Warsaw Rappahannock (VA)
Washington & Lee College Fresh (VA),2,Washington & Lee Unversity Frosh (VA)
Washington & Lee Unversity Fresh (VA),7,Washington & Lee Unversity Frosh (VA)
Washington & Lee Unversity Frosh (VA),14,
Washington & Lee Unversity JV (VA),1,Washington & Lee Unversity JV (VA)
Washington and Lee University Frosh (VA),5,Washington & Lee Unversity Frosh (VA)
Washington and Lee University JV (VA),1,Washington & Lee Unversity JV (VA)
Washington Rappahannock (VA),20,Washington Rappahannock County (VA)
Washington Rappahannock County (VA),183,Washington Rappahannock County (VA)
Waverly (VA),28,
Waynesboro (VA),973,Waynesboro (VA)
Waynesboro Fishburne Military (VA),257,Waynesboro Fishburne Military Academy (VA)
Waynesboro Fishburne Military Academy (VA),2,Waynesboro Fishburne Military Academy (VA)
Waynesboro Fishburne Military Academy JV (VA),19,
Waynesboro Fishburne Military JV (VA),19,Waynesboro Fishburne Military Academy JV (VA)
Waynesboro JV (VA),2,
Waynesboro Little (VA),21,
"Waynesboro Opp """"Stonewall Jackson"""" (VA)",1,
"Waynesboro Opp """"Valley"""" (VA)",14,
Weeksville (VA),1,
West Ghent Athletic Club (VA),1,
West Point (VA),748,West Point (VA)
West Roanoke (VA),1,
West Springfield (VA),648,West Springfield (VA)
Western (VA),1,
Whitewood (VA),98,
Willam & Mary University Fresh (VA),1,William & Mary College Frosh (VA)
William & Mary Academy (VA),23,William & Mary College Academy  (VA)
William & Mary College (VA),11,William & Mary College (VA)
William & Mary College Academy (VA),23,
William & Mary College Fresh (VA),6,William & Mary College Frosh (VA)
William & Mary College Frosh (VA),6,
William & Mary College JV (VA),17,William & Mary College JV (VA)
Williamsburg (VA),5,
Williamsburg Blair (VA),172,Williamsburg James Blair (VA)
Williamsburg Bruton (VA),504,Williamsburg Bruton (VA)
Williamsburg James Blair (VA),245,Williamsburg James Blair (VA)
Williamsburg Jamestown (VA),285,Williamsburg Jamestown (VA)
Williamsburg Lafayette (VA),632,Williamsburg Lafayette (VA)
"Williamsburg Lafayette Opp """"JFK"""" (VA)",1,
Williamsburg Matthew Whaley (VA),61,Williamsburg Matthew Whaley (VA)
Williamsburg Matthew-Whaley (VA),1,Williamsburg Matthew Whaley (VA)
Williamsburg Warhill (VA),200,Williamsburg Warhill (VA)
Williamsburg Whaley (VA),4,Williamsburg Matthew Whaley (VA)
Winchester Boys Club (VA),1,
Winchester Handley (VA),1136,Winchester Handley (VA)
Winchester Handley JV (VA),5,
Winchester James Wood (VA),51,
Winchester Millbrook (VA),246,Winchester Millbrook (VA)
Winchester Wood (VA),768,Winchester Wood (VA)
Windsor (VA),682,Windsor (VA)
Wirtz Smith Mountain Lake Christian Academy (VA),2,
Wise (VA),245,Wise (VA)
Wise Central [Kelly-Pound] (VA),131,Wise Central [Kelly-Pound] (VA)
Wise Kelly (VA),795,Wise Kelly (VA)
Wood Forest (VA),1,
Woodberry Forest (VA),583,Woodberry Forest (VA)
Woodberry Forest JV (VA),26,
"Woodberry Forest Opp """"McDonough"""" (VA)",2,
Woodbridge (VA),718,Woodbridge (VA)
Woodbridge Forest Park (VA),253,Woodbridge Forest Park (VA)
Woodbridge Freedom (VA),222,Woodbridge Freedom (VA)
Woodbridge Gar Field (VA),18,Woodbridge Gar-Field (VA)
Woodbridge Gar-Field (VA),841,Woodbridge Gar-Field (VA)
"Woodbridge Gar-Field Opp """"Wilson"""" (VA)",1,
Woodbridge Hylton (VA),386,Woodbridge Hylton (VA)
"Woodbridge Opp """"Stonewall Jackson"""" (VA)",2,
"Woodbridge Opp """"Woodson"""" (VA)",1,
Woodlawn (VA),2,
Woodstock Central (VA),720,Woodstock Central (VA)
Woodstock Massanutten Military Academy (VA),234,Woodstock Massanutten Military Academy (VA)
Woodstock Massanutten Military Academy JV (VA),21,
Woodward (VA),1,
Wythe (VA),24,
Wythe JV (VA),7,
Wytheville Ivanhoe (VA),2,
Wytheville Tenors (VA),1,
Wytheville Wythe (VA),989,Wytheville Wythe (VA)
Yorktown Grafton (VA),314,Yorktown Grafton (VA)
Yorktown Tabb (VA),586,Yorktown Tabb (VA)
Yorktown York (VA),782,Yorktown York (VA)
